Well_ID,Compound,Condition,Lactoferrin_Concentration,Lactoferrin_Units ,Remdesivir_Concentration,Remdesivir_Units,Infected_Cell_Count,Total_Cell_Count,Raw_Percent_Infected,Percent_Viability 
A01,NC,NC,0,M,0,M,213,7568,2.81448203,88.44221106
A02,NC,NC,0,M,0,M,1377,6450,21.34883721,75.37688442
A03,Remdesivir/Lactoferrin,Treatment,0.0000023,M,0.00000003,M,311,8198,3.793608197,95.80460442
A04,Remdesivir/Lactoferrin,Treatment,0.0000023,M,0.000000015,M,52,5361,0.969968289,62.65046161
A05,Remdesivir/Lactoferrin,Treatment,0.0000023,M,7.5E-09,M,223,9650,2.310880829,112.7731682
A06,Remdesivir/Lactoferrin,Treatment,0.0000023,M,3.75E-09,M,369,7559,4.881598095,88.33703401
A07,Remdesivir/Lactoferrin,Treatment,0.0000023,M,1.88E-09,M,144,7403,1.945157369,86.51396517
A08,Remdesivir/Lactoferrin,Treatment,0.0000023,M,9.38E-10,M,522,5984,8.723262032,69.9310506
A09,Remdesivir/Lactoferrin,Treatment,0.0000023,M,4.69E-10,M,203,5315,3.819379116,62.11289003
A10,Remdesivir/Lactoferrin,Treatment,0.0000023,M,2.34E-10,M,255,7292,3.496982995,85.21678158
A11,Remdesivir/Lactoferrin,Treatment,0.0000023,M,0.00000003,M,500,6448,7.754342432,75.35351174
A12,Remdesivir/Lactoferrin,Treatment,0.0000023,M,0.000000015,M,319,8930,3.572228443,104.3590043
A13,Remdesivir/Lactoferrin,Treatment,0.0000023,M,7.5E-09,M,192,7899,2.430687429,92.31038916
A14,Remdesivir/Lactoferrin,Treatment,0.0000023,M,3.75E-09,M,486,6869,7.075265686,80.27346032
A15,Remdesivir/Lactoferrin,Treatment,0.0000023,M,1.88E-09,M,370,7447,4.968443669,87.02816408
A16,Remdesivir/Lactoferrin,Treatment,0.0000023,M,9.38E-10,M,306,6756,4.529307282,78.95290406
A17,Remdesivir/Lactoferrin,Treatment,0.0000023,M,4.69E-10,M,258,7724,3.340238219,90.26527989
A18,Remdesivir/Lactoferrin,Treatment,0.0000023,M,2.34E-10,M,423,6783,6.236178682,79.2684352
A19,Lactoferrin,Treatment,0.0000046,M,0,M,130,7861,1.653733622,91.86630829
A20,Lactoferrin,Treatment,0.0000046,M,0,M,120,5024,2.388535032,58.71216548
A21,Remdesivir,Treatment,0,M,0.00000003,M,749,6100,12.27868852,71.28666589
A22,Remdesivir,Treatment,0,M,0.00000003,M,328,6081,5.393849696,71.06462545
A23,PC,PC,0,M,0,M,548,7767,7.055491181,90.76779245
A24,PC,PC,0,M,0,M,456,5278,8.639636226,61.6804955
B01,NC,NC,0,M,0,M,708,7585,9.334212261,88.64087881
B02,NC,NC,0,M,0,M,1343,7351,18.26962318,85.90627556
B03,Remdesivir/Lactoferrin,Treatment,0.00000115,M,0.00000003,M,474,9282,5.106658048,108.4725955
B04,Remdesivir/Lactoferrin,Treatment,0.00000115,M,0.000000015,M,506,8742,5.788149165,102.1619727
B05,Remdesivir/Lactoferrin,Treatment,0.00000115,M,7.5E-09,M,294,9635,3.051375195,112.5978731
B06,Remdesivir/Lactoferrin,Treatment,0.00000115,M,3.75E-09,M,586,8160,7.181372549,95.36052355
B07,Remdesivir/Lactoferrin,Treatment,0.00000115,M,1.88E-09,M,599,8412,7.120779838,98.30548089
B08,Remdesivir/Lactoferrin,Treatment,0.00000115,M,9.38E-10,M,422,6540,6.452599388,76.4286549
B09,Remdesivir/Lactoferrin,Treatment,0.00000115,M,4.69E-10,M,367,7679,4.779268134,89.73939465
B10,Remdesivir/Lactoferrin,Treatment,0.00000115,M,2.34E-10,M,372,9190,4.047878128,107.3974524
B11,Remdesivir/Lactoferrin,Treatment,0.00000115,M,0.00000003,M,393,8510,4.618096357,99.45074208
B12,Remdesivir/Lactoferrin,Treatment,0.00000115,M,0.000000015,M,209,8633,2.420942894,100.8881617
B13,Remdesivir/Lactoferrin,Treatment,0.00000115,M,7.5E-09,M,337,8950,3.765363128,104.5927311
B14,Remdesivir/Lactoferrin,Treatment,0.00000115,M,3.75E-09,M,443,8319,5.325159274,97.2186514
B15,Remdesivir/Lactoferrin,Treatment,0.00000115,M,1.88E-09,M,323,8420,3.836104513,98.3989716
B16,Remdesivir/Lactoferrin,Treatment,0.00000115,M,9.38E-10,M,198,8895,2.225969646,103.9499825
B17,Remdesivir/Lactoferrin,Treatment,0.00000115,M,4.69E-10,M,270,8383,3.220804008,97.96657707
B18,Remdesivir/Lactoferrin,Treatment,0.00000115,M,2.34E-10,M,445,9438,4.714981988,110.2956644
B19,Lactoferrin,Treatment,0.0000023,M,0,M,498,8761,5.684282616,102.3840131
B20,Lactoferrin,Treatment,0.0000023,M,0,M,188,7349,2.55817118,85.88290289
B21,Remdesivir,Treatment,0,M,0.000000015,M,397,8325,4.768768769,97.28876943
B22,Remdesivir,Treatment,0,M,0.000000015,M,327,8595,3.804537522,100.4440809
B23,PC,PC,0,M,0,M,705,8563,8.233095878,100.070118
B24,PC,PC,0,M,0,M,407,6319,6.440892546,73.84597406
C01,NC,NC,0,M,0,M,1800,8430,21.35231317,98.51583499
C02,NC,NC,0,M,0,M,684,9518,7.186383694,111.2305715
C03,Remdesivir/Lactoferrin,Treatment,0.000000575,M,0.00000003,M,501,10586,4.732665785,123.7115812
C04,Remdesivir/Lactoferrin,Treatment,0.000000575,M,0.000000015,M,588,8563,6.866752306,100.070118
C05,Remdesivir/Lactoferrin,Treatment,0.000000575,M,7.5E-09,M,719,12254,5.867471846,143.2043941
C06,Remdesivir/Lactoferrin,Treatment,0.000000575,M,3.75E-09,M,153,9613,1.591594715,112.3407736
C07,Remdesivir/Lactoferrin,Treatment,0.000000575,M,1.88E-09,M,284,7879,3.60451834,92.07666238
C08,Remdesivir/Lactoferrin,Treatment,0.000000575,M,9.38E-10,M,175,7567,2.312673451,88.43052472
C09,Remdesivir/Lactoferrin,Treatment,0.000000575,M,4.69E-10,M,43,8521,0.504635606,99.57929181
C10,Remdesivir/Lactoferrin,Treatment,0.000000575,M,2.34E-10,M,389,9338,4.165774256,109.1270305
C11,Remdesivir/Lactoferrin,Treatment,0.000000575,M,0.00000003,M,325,8149,3.988219413,95.23197382
C12,Remdesivir/Lactoferrin,Treatment,0.000000575,M,0.000000015,M,334,8428,3.962980541,98.49246231
C13,Remdesivir/Lactoferrin,Treatment,0.000000575,M,7.5E-09,M,466,9076,5.13442045,106.0652098
C14,Remdesivir/Lactoferrin,Treatment,0.000000575,M,3.75E-09,M,135,8739,1.544799176,102.1269136
C15,Remdesivir/Lactoferrin,Treatment,0.000000575,M,1.88E-09,M,235,8087,2.905898355,94.50742083
C16,Remdesivir/Lactoferrin,Treatment,0.000000575,M,9.38E-10,M,326,9405,3.466241361,109.9100152
C17,Remdesivir/Lactoferrin,Treatment,0.000000575,M,4.69E-10,M,529,9290,5.694294941,108.5660862
C18,Remdesivir/Lactoferrin,Treatment,0.000000575,M,2.34E-10,M,518,8775,5.903133903,102.5476218
C19,Lactoferrin,Treatment,0.00000115,M,0,M,1000,9740,10.26694045,113.8249386
C20,Lactoferrin,Treatment,0.00000115,M,0,M,205,8350,2.45508982,97.5809279
C21,Remdesivir,Treatment,0,M,7.5E-09,M,1684,8262,20.38247398,96.55253009
C22,Remdesivir,Treatment,0,M,7.5E-09,M,551,7110,7.749648383,83.08986794
C23,PC,PC,0,M,0,M,242,7171,3.374703668,83.8027346
C24,PC,PC,0,M,0,M,405,6071,6.671059134,70.94776207
D01,NC,NC,0,M,0,M,673,8625,7.802898551,100.794671
D02,NC,NC,0,M,0,M,883,8828,10.00226552,103.1669978
D03,Remdesivir/Lactoferrin,Treatment,2.87E-07,M,0.00000003,M,275,10455,2.630320421,122.1806708
D04,Remdesivir/Lactoferrin,Treatment,2.87E-07,M,0.000000015,M,797,9406,8.473314905,109.9217015
D05,Remdesivir/Lactoferrin,Treatment,2.87E-07,M,7.5E-09,M,319,11250,2.835555556,131.47131
D06,Remdesivir/Lactoferrin,Treatment,2.87E-07,M,3.75E-09,M,790,9518,8.300063038,111.2305715
D07,Remdesivir/Lactoferrin,Treatment,2.87E-07,M,1.88E-09,M,843,9635,8.749351323,112.5978731
D08,Remdesivir/Lactoferrin,Treatment,2.87E-07,M,9.38E-10,M,355,7751,4.580054187,90.58081103
D09,Remdesivir/Lactoferrin,Treatment,2.87E-07,M,4.69E-10,M,295,8548,3.451099672,99.89482295
D10,Remdesivir/Lactoferrin,Treatment,2.87E-07,M,2.34E-10,M,575,8689,6.617562435,101.5425967
D11,Remdesivir/Lactoferrin,Treatment,2.87E-07,M,0.00000003,M,455,8910,5.106621773,104.1252776
D12,Remdesivir/Lactoferrin,Treatment,2.87E-07,M,0.000000015,M,367,9932,3.695126863,116.0687157
D13,Remdesivir/Lactoferrin,Treatment,2.87E-07,M,7.5E-09,M,359,9677,3.709827426,113.0886993
D14,Remdesivir/Lactoferrin,Treatment,2.87E-07,M,3.75E-09,M,360,10165,3.541564191,118.7916326
D15,Remdesivir/Lactoferrin,Treatment,2.87E-07,M,1.88E-09,M,215,9384,2.291133845,109.6646021
D16,Remdesivir/Lactoferrin,Treatment,2.87E-07,M,9.38E-10,M,1010,9531,10.59699927,111.3824939
D17,Remdesivir/Lactoferrin,Treatment,2.87E-07,M,4.69E-10,M,397,8629,4.600764863,100.8414164
D18,Remdesivir/Lactoferrin,Treatment,2.87E-07,M,2.34E-10,M,244,9312,2.620274914,108.8231857
D19,Lactoferrin,Treatment,0.000000575,M,0,M,339,9329,3.633829992,109.0218535
D20,Lactoferrin,Treatment,0.000000575,M,0,M,384,9826,3.907999186,114.8299638
D21,Remdesivir,Treatment,0,M,3.75E-09,M,971,6437,15.08466677,75.22496202
D22,Remdesivir,Treatment,0,M,3.75E-09,M,1230,7989,15.39616973,93.36215964
D23,PC,PC,0,M,0,M,872,7985,10.92047589,93.31541428
D24,PC,PC,0,M,0,M,417,5607,7.437132156,65.52530092
E01,NC,NC,0,M,0,M,1722,10053,17.12921516,117.4827627
E02,NC,NC,0,M,0,M,254,9633,2.636769438,112.5745004
E03,Remdesivir/Lactoferrin,Treatment,1.44E-07,M,0.00000003,M,181,9696,1.866749175,113.3107397
E04,Remdesivir/Lactoferrin,Treatment,1.44E-07,M,0.000000015,M,346,9066,3.816457092,105.9483464
E05,Remdesivir/Lactoferrin,Treatment,1.44E-07,M,7.5E-09,M,441,11990,3.678065054,140.1192007
E06,Remdesivir/Lactoferrin,Treatment,1.44E-07,M,3.75E-09,M,168,9338,1.79910045,109.1270305
E07,Remdesivir/Lactoferrin,Treatment,1.44E-07,M,1.88E-09,M,480,7854,6.111535523,91.78450391
E08,Remdesivir/Lactoferrin,Treatment,1.44E-07,M,9.38E-10,M,637,9149,6.962509564,106.9183125
E09,Remdesivir/Lactoferrin,Treatment,1.44E-07,M,4.69E-10,M,336,9073,3.703295492,106.0301508
E10,Remdesivir/Lactoferrin,Treatment,1.44E-07,M,2.34E-10,M,814,9501,8.567519209,111.0319037
E11,Remdesivir/Lactoferrin,Treatment,1.44E-07,M,0.00000003,M,345,9032,3.819751993,105.5510109
E12,Remdesivir/Lactoferrin,Treatment,1.44E-07,M,0.000000015,M,170,10190,1.668302257,119.083791
E13,Remdesivir/Lactoferrin,Treatment,1.44E-07,M,7.5E-09,M,215,9410,2.284803401,109.9684469
E14,Remdesivir/Lactoferrin,Treatment,1.44E-07,M,3.75E-09,M,239,8222,2.90683532,96.08507655
E15,Remdesivir/Lactoferrin,Treatment,1.44E-07,M,1.88E-09,M,234,10254,2.282036279,119.8317167
E16,Remdesivir/Lactoferrin,Treatment,1.44E-07,M,9.38E-10,M,424,8755,4.842946887,102.3138951
E17,Remdesivir/Lactoferrin,Treatment,1.44E-07,M,4.69E-10,M,296,8556,3.459560542,99.98831366
E18,Remdesivir/Lactoferrin,Treatment,1.44E-07,M,2.34E-10,M,466,9462,4.92496301,110.5761365
E19,Lactoferrin,Treatment,2.87E-07,M,0,M,548,10301,5.319871857,120.3809746
E20,Lactoferrin,Treatment,2.87E-07,M,0,M,620,9054,6.847802076,105.8081103
E21,Remdesivir,Treatment,0,M,1.88E-09,M,608,8153,7.457377652,95.27871918
E22,Remdesivir,Treatment,0,M,1.88E-09,M,1038,6209,16.7176679,72.5604768
E23,PC,PC,0,M,0,M,608,7613,7.986339157,88.9680963
E24,PC,PC,0,M,0,M,507,6485,7.818041635,75.78590628
F01,NC,NC,0,M,0,M,228,10745,2.121917171,125.569709
F02,NC,NC,0,M,0,M,564,9977,5.653001904,116.5946009
F03,Remdesivir/Lactoferrin,Treatment,7.24E-08,M,0.00000003,M,331,11159,2.966215611,130.4078532
F04,Remdesivir/Lactoferrin,Treatment,7.24E-08,M,0.000000015,M,476,8466,5.62248996,98.93654318
F05,Remdesivir/Lactoferrin,Treatment,7.24E-08,M,7.5E-09,M,311,10823,2.873510117,126.4812434
F06,Remdesivir/Lactoferrin,Treatment,7.24E-08,M,3.75E-09,M,226,9658,2.340028992,112.8666589
F07,Remdesivir/Lactoferrin,Treatment,7.24E-08,M,1.88E-09,M,842,9973,8.442795548,116.5478556
F08,Remdesivir/Lactoferrin,Treatment,7.24E-08,M,9.38E-10,M,267,8694,3.071083506,101.6010284
F09,Remdesivir/Lactoferrin,Treatment,7.24E-08,M,4.69E-10,M,160,9483,1.68722978,110.8215496
F10,Remdesivir/Lactoferrin,Treatment,7.24E-08,M,2.34E-10,M,546,9304,5.86844368,108.729695
F11,Remdesivir/Lactoferrin,Treatment,7.24E-08,M,0.00000003,M,325,9397,3.458550601,109.8165245
F12,Remdesivir/Lactoferrin,Treatment,7.24E-08,M,0.000000015,M,276,9025,3.058171745,105.4692065
F13,Remdesivir/Lactoferrin,Treatment,7.24E-08,M,7.5E-09,M,974,10171,9.57624619,118.8617506
F14,Remdesivir/Lactoferrin,Treatment,7.24E-08,M,3.75E-09,M,694,8549,8.117908527,99.90650929
F15,Remdesivir/Lactoferrin,Treatment,7.24E-08,M,1.88E-09,M,1303,10671,12.21066442,124.7049199
F16,Remdesivir/Lactoferrin,Treatment,7.24E-08,M,9.38E-10,M,513,10259,5.000487377,119.8901484
F17,Remdesivir/Lactoferrin,Treatment,7.24E-08,M,4.69E-10,M,1431,9115,15.6993966,106.520977
F18,Remdesivir/Lactoferrin,Treatment,7.24E-08,M,2.34E-10,M,2199,9621,22.85625195,112.4342643
F19,Lactoferrin,Treatment,1.44E-07,M,0,M,392,8620,4.547563805,100.7362393
F20,Lactoferrin,Treatment,1.44E-07,M,0,M,136,8234,1.651688122,96.22531261
F21,Remdesivir,Treatment,0,M,9.38E-10,M,1713,7870,21.76620076,91.97148533
F22,Remdesivir,Treatment,0,M,9.38E-10,M,1352,7588,17.81760675,88.67593783
F23,PC,PC,0,M,0,M,389,6165,6.309813463,72.0462779
F24,PC,PC,0,M,0,M,304,6501,4.676203661,75.97288769
G01,NC,NC,0,M,0,M,1255,8083,15.52641346,94.46067547
G02,NC,NC,0,M,0,M,845,8762,9.643916914,102.3956994
G03,Remdesivir/Lactoferrin,Treatment,3.56E-08,M,0.00000003,M,576,8594,6.702350477,100.4323945
G04,Remdesivir/Lactoferrin,Treatment,3.56E-08,M,0.000000015,M,240,8242,2.911914584,96.31880332
G05,Remdesivir/Lactoferrin,Treatment,3.56E-08,M,7.5E-09,M,1862,11332,16.43134486,132.4295898
G06,Remdesivir/Lactoferrin,Treatment,3.56E-08,M,3.75E-09,M,1279,8793,14.54566132,102.7579759
G07,Remdesivir/Lactoferrin,Treatment,3.56E-08,M,1.88E-09,M,434,8715,4.979919679,101.8464415
G08,Remdesivir/Lactoferrin,Treatment,3.56E-08,M,9.38E-10,M,425,7725,5.501618123,90.27696623
G09,Remdesivir/Lactoferrin,Treatment,3.56E-08,M,4.69E-10,M,417,10002,4.169166167,116.8867594
G10,Remdesivir/Lactoferrin,Treatment,3.56E-08,M,2.34E-10,M,2211,9764,22.64440803,114.1054108
G11,Remdesivir/Lactoferrin,Treatment,3.56E-08,M,0.00000003,M,280,8010,3.495630462,93.60757275
G12,Remdesivir/Lactoferrin,Treatment,3.56E-08,M,0.000000015,M,614,8532,7.196436943,99.70784153
G13,Remdesivir/Lactoferrin,Treatment,3.56E-08,M,7.5E-09,M,609,8447,7.209660234,98.71450275
G14,Remdesivir/Lactoferrin,Treatment,3.56E-08,M,3.75E-09,M,226,8896,2.540467626,103.9616688
G15,Remdesivir/Lactoferrin,Treatment,3.56E-08,M,1.88E-09,M,406,9343,4.345499304,109.1854622
G16,Remdesivir/Lactoferrin,Treatment,3.56E-08,M,9.38E-10,M,1213,8460,14.33806147,98.86642515
G17,Remdesivir/Lactoferrin,Treatment,3.56E-08,M,4.69E-10,M,981,9464,10.36559594,110.5995092
G18,Remdesivir/Lactoferrin,Treatment,3.56E-08,M,2.34E-10,M,472,9588,4.922820192,112.0486152
G19,Lactoferrin,Treatment,7.24E-08,M,0,M,286,9538,2.998532187,111.4642982
G20,Lactoferrin,Treatment,7.24E-08,M,0,M,1486,7892,18.82919412,92.22858478
G21,Remdesivir,Treatment,0,M,4.69E-10,M,1199,7173,16.71546076,83.82610728
G22,Remdesivir,Treatment,0,M,4.69E-10,M,1114,6539,17.03624407,76.41696856
G23,PC,PC,0,M,0,M,610,6796,8.975868158,79.4203576
G24,PC,PC,0,M,0,M,333,6210,5.362318841,72.57216314
H01,NC,NC,0,M,0,M,1190,7795,15.26619628,91.09500993
H02,NC,NC,0,M,0,M,2285,9631,23.72546984,112.5511277
H03,Remdesivir/Lactoferrin,Treatment,1.72E-08,M,0.00000003,M,111,11328,0.979872881,132.3828445
H04,Remdesivir/Lactoferrin,Treatment,1.72E-08,M,0.000000015,M,376,10028,3.749501396,117.1906042
H05,Remdesivir/Lactoferrin,Treatment,1.72E-08,M,7.5E-09,M,551,9311,5.917731715,108.8114994
H06,Remdesivir/Lactoferrin,Treatment,1.72E-08,M,3.75E-09,M,596,10039,5.936846299,117.3191539
H07,Remdesivir/Lactoferrin,Treatment,1.72E-08,M,1.88E-09,M,1797,8953,20.07148442,104.6277901
H08,Remdesivir/Lactoferrin,Treatment,1.72E-08,M,9.38E-10,M,1236,8981,13.76238726,104.9550076
H09,Remdesivir/Lactoferrin,Treatment,1.72E-08,M,4.69E-10,M,258,8653,2.98162487,101.1218885
H10,Remdesivir/Lactoferrin,Treatment,1.72E-08,M,2.34E-10,M,285,8449,3.373180258,98.73787542
H11,Remdesivir/Lactoferrin,Treatment,1.72E-08,M,0.00000003,M,331,8455,3.914843288,98.80799346
H12,Remdesivir/Lactoferrin,Treatment,1.72E-08,M,0.000000015,M,434,10854,3.998525889,126.8435199
H13,Remdesivir/Lactoferrin,Treatment,1.72E-08,M,7.5E-09,M,1184,10452,11.32797551,122.1456118
H14,Remdesivir/Lactoferrin,Treatment,1.72E-08,M,3.75E-09,M,837,10641,7.865802086,124.3543298
H15,Remdesivir/Lactoferrin,Treatment,1.72E-08,M,1.88E-09,M,518,10168,5.094413847,118.8266916
H16,Remdesivir/Lactoferrin,Treatment,1.72E-08,M,9.38E-10,M,1369,9663,14.16744282,112.9250906
H17,Remdesivir/Lactoferrin,Treatment,1.72E-08,M,4.69E-10,M,2120,8325,25.46546547,97.28876943
H18,Remdesivir/Lactoferrin,Treatment,1.72E-08,M,2.34E-10,M,1315,9961,13.20148579,116.4076195
H19,Lactoferrin,Treatment,3.56E-08,M,0,M,1852,8164,22.68495835,95.4072689
H20,Lactoferrin,Treatment,3.56E-08,M,0,M,1654,9161,18.05479751,107.0585486
H21,Remdesivir,Treatment,0,M,2.34E-10,M,1745,7729,22.57730625,90.32371158
H22,Remdesivir,Treatment,0,M,2.34E-10,M,1541,7843,19.64809384,91.65595419
H23,PC,PC,0,M,0,M,564,6595,8.551933283,77.07140353
H24,PC,PC,0,M,0,M,412,6440,6.397515528,75.26002104
I01,NC,NC,0,M,0,M,1469,7255,20.24810476,84.78438705
I02,NC,NC,0,M,0,M,2201,8298,26.52446373,96.97323828
I03,Remdesivir/Lactoferrin,Treatment,0.0000023,M,0.00000003,M,215,9921,2.16712025,115.9401659
I04,Remdesivir/Lactoferrin,Treatment,0.0000023,M,0.000000015,M,484,8849,5.469544581,103.4124109
I05,Remdesivir/Lactoferrin,Treatment,0.0000023,M,7.5E-09,M,710,9998,7.101420284,116.840014
I06,Remdesivir/Lactoferrin,Treatment,0.0000023,M,3.75E-09,M,386,8199,4.707891206,95.81629076
I07,Remdesivir/Lactoferrin,Treatment,0.0000023,M,1.88E-09,M,150,7452,2.012882448,87.08659577
I08,Remdesivir/Lactoferrin,Treatment,0.0000023,M,9.38E-10,M,631,9473,6.66103663,110.7046862
I09,Remdesivir/Lactoferrin,Treatment,0.0000023,M,4.69E-10,M,260,9223,2.819039358,107.7831016
I10,Remdesivir/Lactoferrin,Treatment,0.0000023,M,2.34E-10,M,501,8623,5.810042909,100.7712984
I11,Remdesivir/Lactoferrin,Treatment,0.0000023,M,0.00000003,M,348,9286,3.747576998,108.5193409
I12,Remdesivir/Lactoferrin,Treatment,0.0000023,M,0.000000015,M,554,9656,5.737365369,112.8432862
I13,Remdesivir/Lactoferrin,Treatment,0.0000023,M,7.5E-09,M,392,8940,4.384787472,104.4758677
I14,Remdesivir/Lactoferrin,Treatment,0.0000023,M,3.75E-09,M,440,7868,5.592272496,91.94811266
I15,Remdesivir/Lactoferrin,Treatment,0.0000023,M,1.88E-09,M,563,9506,5.922575216,111.0903354
I16,Remdesivir/Lactoferrin,Treatment,0.0000023,M,9.38E-10,M,110,8771,1.254132938,102.5008765
I17,Remdesivir/Lactoferrin,Treatment,0.0000023,M,4.69E-10,M,428,9454,4.527184261,110.4826458
I18,Remdesivir/Lactoferrin,Treatment,0.0000023,M,2.34E-10,M,304,9499,3.200336878,111.008531
I19,Lactoferrin,Treatment,0.0000046,M,0,M,550,8546,6.43575942,99.87145027
I20,Lactoferrin,Treatment,0.0000046,M,0,M,286,7923,3.609743784,92.59086128
I21,Remdesivir,Treatment,0,M,0.00000003,M,551,9597,5.741377514,112.1537922
I22,Remdesivir,Treatment,0,M,0.00000003,M,278,6454,4.30740626,75.42362978
I23,PC,PC,0,M,0,M,658,8102,8.121451493,94.68271591
I24,PC,PC,0,M,0,M,418,7065,5.916489738,82.5639827
J01,NC,NC,0,M,0,M,1352,8333,16.22464899,97.38226014
J02,NC,NC,0,M,0,M,1282,8385,15.28920692,97.98994975
J03,Remdesivir/Lactoferrin,Treatment,0.00000115,M,0.00000003,M,208,9839,2.114035979,114.9818862
J04,Remdesivir/Lactoferrin,Treatment,0.00000115,M,0.000000015,M,291,8368,3.477533461,97.79128199
J05,Remdesivir/Lactoferrin,Treatment,0.00000115,M,7.5E-09,M,730,10035,7.274539113,117.2724086
J06,Remdesivir/Lactoferrin,Treatment,0.00000115,M,3.75E-09,M,363,9418,3.854321512,110.0619376
J07,Remdesivir/Lactoferrin,Treatment,0.00000115,M,1.88E-09,M,726,8488,8.553251649,99.19364263
J08,Remdesivir/Lactoferrin,Treatment,0.00000115,M,9.38E-10,M,374,9359,3.996153435,109.3724436
J09,Remdesivir/Lactoferrin,Treatment,0.00000115,M,4.69E-10,M,310,8883,3.489812,103.8097464
J10,Remdesivir/Lactoferrin,Treatment,0.00000115,M,2.34E-10,M,343,9598,3.573661179,112.1654786
J11,Remdesivir/Lactoferrin,Treatment,0.00000115,M,0.00000003,M,399,9536,4.184144295,111.4409256
J12,Remdesivir/Lactoferrin,Treatment,0.00000115,M,0.000000015,M,195,8537,2.284174769,99.76627323
J13,Remdesivir/Lactoferrin,Treatment,0.00000115,M,7.5E-09,M,351,8517,4.121169426,99.53254645
J14,Remdesivir/Lactoferrin,Treatment,0.00000115,M,3.75E-09,M,343,9137,3.753967385,106.7780764
J15,Remdesivir/Lactoferrin,Treatment,0.00000115,M,1.88E-09,M,330,9707,3.39960853,113.4392895
J16,Remdesivir/Lactoferrin,Treatment,0.00000115,M,9.38E-10,M,277,8772,3.157774738,102.5125628
J17,Remdesivir/Lactoferrin,Treatment,0.00000115,M,4.69E-10,M,189,9185,2.057702776,107.3390207
J18,Remdesivir/Lactoferrin,Treatment,0.00000115,M,2.34E-10,M,508,10358,4.904421703,121.0470959
J19,Lactoferrin,Treatment,0.0000023,M,0,M,484,8172,5.922662751,95.50075961
J20,Lactoferrin,Treatment,0.0000023,M,0,M,342,8642,3.957417265,100.9933388
J21,Remdesivir,Treatment,0,M,0.000000015,M,362,8776,4.124886053,102.5593082
J22,Remdesivir,Treatment,0,M,0.000000015,M,309,6038,5.117588605,70.56211289
J23,PC,PC,0,M,0,M,661,7282,9.0771766,85.0999182
J24,PC,PC,0,M,0,M,463,6253,7.404445866,73.0746757
K01,NC,NC,0,M,0,M,159,7759,2.049233149,90.67430174
K02,NC,NC,0,M,0,M,1776,9541,18.61440101,111.4993573
K03,Remdesivir/Lactoferrin,Treatment,0.000000575,M,0.00000003,M,217,10452,2.076157673,122.1456118
K04,Remdesivir/Lactoferrin,Treatment,0.000000575,M,0.000000015,M,367,9606,3.820528836,112.2589693
K05,Remdesivir/Lactoferrin,Treatment,0.000000575,M,7.5E-09,M,187,10593,1.765316719,123.7933855
K06,Remdesivir/Lactoferrin,Treatment,0.000000575,M,3.75E-09,M,210,9342,2.247912653,109.1737759
K07,Remdesivir/Lactoferrin,Treatment,0.000000575,M,1.88E-09,M,533,9764,5.458828349,114.1054108
K08,Remdesivir/Lactoferrin,Treatment,0.000000575,M,9.38E-10,M,441,8330,5.294117647,97.34720112
K09,Remdesivir/Lactoferrin,Treatment,0.000000575,M,4.69E-10,M,1676,9772,17.1510438,114.1989015
K10,Remdesivir/Lactoferrin,Treatment,0.000000575,M,2.34E-10,M,278,8432,3.296963947,98.53920767
K11,Remdesivir/Lactoferrin,Treatment,0.000000575,M,0.00000003,M,246,9097,2.704188194,106.3106229
K12,Remdesivir/Lactoferrin,Treatment,0.000000575,M,0.000000015,M,808,9103,8.876194661,106.3807409
K13,Remdesivir/Lactoferrin,Treatment,0.000000575,M,7.5E-09,M,285,9243,3.083414476,108.0168283
K14,Remdesivir/Lactoferrin,Treatment,0.000000575,M,3.75E-09,M,373,9435,3.95336513,110.2606054
K15,Remdesivir/Lactoferrin,Treatment,0.000000575,M,1.88E-09,M,489,9973,4.903238745,116.5478556
K16,Remdesivir/Lactoferrin,Treatment,0.000000575,M,9.38E-10,M,289,8334,3.467722582,97.39394648
K17,Remdesivir/Lactoferrin,Treatment,0.000000575,M,4.69E-10,M,423,8533,4.957224892,99.71952787
K18,Remdesivir/Lactoferrin,Treatment,0.000000575,M,2.34E-10,M,1153,8065,14.29634222,94.25032137
K19,Lactoferrin,Treatment,0.00000115,M,0,M,461,9164,5.030554343,107.0936076
K20,Lactoferrin,Treatment,0.00000115,M,0,M,234,9500,2.463157895,111.0202174
K21,Remdesivir,Treatment,0,M,7.5E-09,M,1311,8936,14.67099373,104.4291224
K22,Remdesivir,Treatment,0,M,7.5E-09,M,170,8245,2.06185567,96.35386233
K23,PC,PC,0,M,0,M,615,7550,8.145695364,88.23185696
K24,PC,PC,0,M,0,M,513,6198,8.276863504,72.43192708
L01,NC,NC,0,M,0,M,388,7034,5.516064828,82.20170621
L02,NC,NC,0,M,0,M,1408,9005,15.63575791,105.2354797
L03,Remdesivir/Lactoferrin,Treatment,2.87E-07,M,0.00000003,M,311,9649,3.223131931,112.7614818
L04,Remdesivir/Lactoferrin,Treatment,2.87E-07,M,0.000000015,M,196,8728,2.245646196,101.9983639
L05,Remdesivir/Lactoferrin,Treatment,2.87E-07,M,7.5E-09,M,227,9509,2.387212115,111.1253944
L06,Remdesivir/Lactoferrin,Treatment,2.87E-07,M,3.75E-09,M,224,8846,2.532217952,103.3773519
L07,Remdesivir/Lactoferrin,Treatment,2.87E-07,M,1.88E-09,M,230,10138,2.26869205,118.4761014
L08,Remdesivir/Lactoferrin,Treatment,2.87E-07,M,9.38E-10,M,271,9470,2.861668427,110.6696272
L09,Remdesivir/Lactoferrin,Treatment,2.87E-07,M,4.69E-10,M,219,8961,2.443923669,104.7212808
L10,Remdesivir/Lactoferrin,Treatment,2.87E-07,M,2.34E-10,M,635,10705,5.931807567,125.1022555
L11,Remdesivir/Lactoferrin,Treatment,2.87E-07,M,0.00000003,M,553,11550,4.787878788,134.9772116
L12,Remdesivir/Lactoferrin,Treatment,2.87E-07,M,0.000000015,M,374,9898,3.778541119,115.6713802
L13,Remdesivir/Lactoferrin,Treatment,2.87E-07,M,7.5E-09,M,577,8789,6.565024462,102.7112306
L14,Remdesivir/Lactoferrin,Treatment,2.87E-07,M,3.75E-09,M,720,9075,7.933884298,106.0535234
L15,Remdesivir/Lactoferrin,Treatment,2.87E-07,M,1.88E-09,M,230,9564,2.404851527,111.768143
L16,Remdesivir/Lactoferrin,Treatment,2.87E-07,M,9.38E-10,M,532,8632,6.163113994,100.8764754
L17,Remdesivir/Lactoferrin,Treatment,2.87E-07,M,4.69E-10,M,230,7633,3.013232019,89.20182307
L18,Remdesivir/Lactoferrin,Treatment,2.87E-07,M,2.34E-10,M,1594,8901,17.90810021,104.0201005
L19,Lactoferrin,Treatment,0.000000575,M,0,M,692,9857,7.0203916,115.1922403
L20,Lactoferrin,Treatment,0.000000575,M,0,M,675,9674,6.977465371,113.0536403
L21,Remdesivir,Treatment,0,M,3.75E-09,M,2216,9322,23.77172281,108.9400491
L22,Remdesivir,Treatment,0,M,3.75E-09,M,373,6381,5.845478765,74.57052705
L23,PC,PC,0,M,0,M,522,7161,7.289484709,83.68587122
L24,PC,PC,0,M,0,M,567,6622,8.562367865,77.38693467
M01,NC,NC,0,M,0,M,1017,7149,14.22576584,83.54563515
M02,NC,NC,0,M,0,M,2167,10468,20.70118456,122.3325932
M03,Remdesivir/Lactoferrin,Treatment,1.44E-07,M,0.00000003,M,189,9982,1.893408135,116.6530326
M04,Remdesivir/Lactoferrin,Treatment,1.44E-07,M,0.000000015,M,203,10145,2.000985707,118.5579058
M05,Remdesivir/Lactoferrin,Treatment,1.44E-07,M,7.5E-09,M,230,9806,2.345502753,114.596237
M06,Remdesivir/Lactoferrin,Treatment,1.44E-07,M,3.75E-09,M,807,10313,7.825075148,120.5212107
M07,Remdesivir/Lactoferrin,Treatment,1.44E-07,M,1.88E-09,M,179,9214,1.942695898,107.6779245
M08,Remdesivir/Lactoferrin,Treatment,1.44E-07,M,9.38E-10,M,835,8632,9.673308619,100.8764754
M09,Remdesivir/Lactoferrin,Treatment,1.44E-07,M,4.69E-10,M,110,8112,1.356015779,94.79957929
M10,Remdesivir/Lactoferrin,Treatment,1.44E-07,M,2.34E-10,M,284,9175,3.095367847,107.2221573
M11,Remdesivir/Lactoferrin,Treatment,1.44E-07,M,0.00000003,M,281,7600,3.697368421,88.81617389
M12,Remdesivir/Lactoferrin,Treatment,1.44E-07,M,0.000000015,M,160,9657,1.656829243,112.8549725
M13,Remdesivir/Lactoferrin,Treatment,1.44E-07,M,7.5E-09,M,137,9536,1.436661074,111.4409256
M14,Remdesivir/Lactoferrin,Treatment,1.44E-07,M,3.75E-09,M,367,8360,4.389952153,97.69779128
M15,Remdesivir/Lactoferrin,Treatment,1.44E-07,M,1.88E-09,M,368,9232,3.986135182,107.8882786
M16,Remdesivir/Lactoferrin,Treatment,1.44E-07,M,9.38E-10,M,452,8584,5.265610438,100.3155311
M17,Remdesivir/Lactoferrin,Treatment,1.44E-07,M,4.69E-10,M,767,8158,9.40181417,95.33715087
M18,Remdesivir/Lactoferrin,Treatment,1.44E-07,M,2.34E-10,M,573,9678,5.920644761,113.1003856
M19,Lactoferrin,Treatment,2.87E-07,M,0,M,171,9896,1.727970897,115.6480075
M20,Lactoferrin,Treatment,2.87E-07,M,0,M,458,8497,5.390137696,99.29881968
M21,Remdesivir,Treatment,0,M,1.88E-09,M,1903,8591,22.15108835,100.3973355
M22,Remdesivir,Treatment,0,M,1.88E-09,M,1092,7047,15.49595573,82.35362861
M23,PC,PC,0,M,0,M,209,6540,3.195718654,76.4286549
M24,PC,PC,0,M,0,M,298,7272,4.097909791,84.98305481
N01,NC,NC,0,M,0,M,1722,8458,20.35942303,98.84305247
N02,NC,NC,0,M,0,M,793,10249,7.737340228,119.773285
N03,Remdesivir/Lactoferrin,Treatment,7.24E-08,M,0.00000003,M,121,10079,1.200515924,117.7866075
N04,Remdesivir/Lactoferrin,Treatment,7.24E-08,M,0.000000015,M,274,9124,3.003068829,106.626154
N05,Remdesivir/Lactoferrin,Treatment,7.24E-08,M,7.5E-09,M,621,9605,6.465382613,112.2472829
N06,Remdesivir/Lactoferrin,Treatment,7.24E-08,M,3.75E-09,M,122,9403,1.297458258,109.8866425
N07,Remdesivir/Lactoferrin,Treatment,7.24E-08,M,1.88E-09,M,859,8685,9.890616005,101.4958513
N08,Remdesivir/Lactoferrin,Treatment,7.24E-08,M,9.38E-10,M,1179,9475,12.44327177,110.7280589
N09,Remdesivir/Lactoferrin,Treatment,7.24E-08,M,4.69E-10,M,777,8891,8.739174446,103.9032371
N10,Remdesivir/Lactoferrin,Treatment,7.24E-08,M,2.34E-10,M,848,8545,9.923932124,99.85976394
N11,Remdesivir/Lactoferrin,Treatment,7.24E-08,M,0.00000003,M,360,8980,4.008908686,104.9433213
N12,Remdesivir/Lactoferrin,Treatment,7.24E-08,M,0.000000015,M,406,8695,4.669350201,101.6127147
N13,Remdesivir/Lactoferrin,Treatment,7.24E-08,M,7.5E-09,M,592,10159,5.827345211,118.7215145
N14,Remdesivir/Lactoferrin,Treatment,7.24E-08,M,3.75E-09,M,554,7891,7.020656444,92.21689845
N15,Remdesivir/Lactoferrin,Treatment,7.24E-08,M,1.88E-09,M,1068,9798,10.90018371,114.5027463
N16,Remdesivir/Lactoferrin,Treatment,7.24E-08,M,9.38E-10,M,415,9108,4.556433904,106.4391726
N17,Remdesivir/Lactoferrin,Treatment,7.24E-08,M,4.69E-10,M,1033,10458,9.877605661,122.2157298
N18,Remdesivir/Lactoferrin,Treatment,7.24E-08,M,2.34E-10,M,357,8078,4.419410745,94.40224378
N19,Lactoferrin,Treatment,1.44E-07,M,0,M,696,9454,7.36196319,110.4826458
N20,Lactoferrin,Treatment,1.44E-07,M,0,M,490,9072,5.401234568,106.0184644
N21,Remdesivir,Treatment,0,M,9.38E-10,M,2051,9277,22.10844023,108.4141638
N22,Remdesivir,Treatment,0,M,9.38E-10,M,1248,7431,16.79450949,86.84118266
N23,PC,PC,0,M,0,M,527,7676,6.865554977,89.70433563
N24,PC,PC,0,M,0,M,381,7084,5.378317335,82.78602314
O01,NC,NC,0,M,0,M,746,9084,8.212241303,106.1587005
O02,NC,NC,0,M,0,M,1511,8659,17.45005197,101.1920065
O03,Remdesivir/Lactoferrin,Treatment,3.56E-08,M,0.00000003,M,112,9848,1.137286759,115.0870632
O04,Remdesivir/Lactoferrin,Treatment,3.56E-08,M,0.000000015,M,341,8039,4.241821122,93.94647657
O05,Remdesivir/Lactoferrin,Treatment,3.56E-08,M,7.5E-09,M,496,9220,5.379609544,107.7480425
O06,Remdesivir/Lactoferrin,Treatment,3.56E-08,M,3.75E-09,M,1603,10349,15.48941927,120.9419189
O07,Remdesivir/Lactoferrin,Treatment,3.56E-08,M,1.88E-09,M,513,8330,6.158463385,97.34720112
O08,Remdesivir/Lactoferrin,Treatment,3.56E-08,M,9.38E-10,M,121,9981,1.212303376,116.6413463
O09,Remdesivir/Lactoferrin,Treatment,3.56E-08,M,4.69E-10,M,1260,9042,13.93497014,105.6678743
O10,Remdesivir/Lactoferrin,Treatment,3.56E-08,M,2.34E-10,M,424,8011,5.292722507,93.61925909
O11,Remdesivir/Lactoferrin,Treatment,3.56E-08,M,0.00000003,M,204,8934,2.283411686,104.4057497
O12,Remdesivir/Lactoferrin,Treatment,3.56E-08,M,0.000000015,M,374,8330,4.489795918,97.34720112
O13,Remdesivir/Lactoferrin,Treatment,3.56E-08,M,7.5E-09,M,464,9082,5.109006827,106.1353278
O14,Remdesivir/Lactoferrin,Treatment,3.56E-08,M,3.75E-09,M,1383,9213,15.01139694,107.6662382
O15,Remdesivir/Lactoferrin,Treatment,3.56E-08,M,1.88E-09,M,1433,8672,16.52444649,101.3439289
O16,Remdesivir/Lactoferrin,Treatment,3.56E-08,M,9.38E-10,M,342,8379,4.081632653,97.91983172
O17,Remdesivir/Lactoferrin,Treatment,3.56E-08,M,4.69E-10,M,1741,9383,18.55483321,109.6529157
O18,Remdesivir/Lactoferrin,Treatment,3.56E-08,M,2.34E-10,M,1080,9072,11.9047619,106.0184644
O19,Lactoferrin,Treatment,7.24E-08,M,0,M,204,9368,2.177625961,109.4776207
O20,Lactoferrin,Treatment,7.24E-08,M,0,M,1112,8587,12.94980785,100.3505902
O21,Remdesivir,Treatment,0,M,4.69E-10,M,1160,7263,15.9713617,84.87787776
O22,Remdesivir,Treatment,0,M,4.69E-10,M,1894,7613,24.87849731,88.9680963
O23,PC,PC,0,M,0,M,562,8356,6.725706079,97.65104593
O24,PC,PC,0,M,0,M,206,6980,2.951289398,81.57064392
P01,NC,NC,0,M,0,M,424,6237,6.798140131,72.88769429
P02,NC,NC,0,M,0,M,2003,8898,22.51067656,103.9850415
P03,Remdesivir/Lactoferrin,Treatment,1.72E-08,M,0.00000003,M,150,9560,1.569037657,111.7213977
P04,Remdesivir/Lactoferrin,Treatment,1.72E-08,M,0.000000015,M,104,9214,1.12871717,107.6779245
P05,Remdesivir/Lactoferrin,Treatment,1.72E-08,M,7.5E-09,M,501,8111,6.176796942,94.78789295
P06,Remdesivir/Lactoferrin,Treatment,1.72E-08,M,3.75E-09,M,116,5147,2.253740043,60.14958513
P07,Remdesivir/Lactoferrin,Treatment,1.72E-08,M,1.88E-09,M,788,7777,10.13244182,90.88465584
P08,Remdesivir/Lactoferrin,Treatment,1.72E-08,M,9.38E-10,M,884,7498,11.78981062,87.62416735
P09,Remdesivir/Lactoferrin,Treatment,1.72E-08,M,4.69E-10,M,1776,7566,23.47343378,88.41883838
P10,Remdesivir/Lactoferrin,Treatment,1.72E-08,M,2.34E-10,M,312,7009,4.451419603,81.90954774
P11,Remdesivir/Lactoferrin,Treatment,1.72E-08,M,0.00000003,M,170,9169,1.854073509,107.1520393
P12,Remdesivir/Lactoferrin,Treatment,1.72E-08,M,0.000000015,M,163,7918,2.058600657,92.53242959
P13,Remdesivir/Lactoferrin,Treatment,1.72E-08,M,7.5E-09,M,606,6683,9.067783929,78.09980133
P14,Remdesivir/Lactoferrin,Treatment,1.72E-08,M,3.75E-09,M,1601,7682,20.84092684,89.77445366
P15,Remdesivir/Lactoferrin,Treatment,1.72E-08,M,1.88E-09,M,439,9568,4.588210702,111.8148884
P16,Remdesivir/Lactoferrin,Treatment,1.72E-08,M,9.38E-10,M,1705,8663,19.68140367,101.2387519
P17,Remdesivir/Lactoferrin,Treatment,1.72E-08,M,4.69E-10,M,773,8429,9.170720133,98.50414865
P18,Remdesivir/Lactoferrin,Treatment,1.72E-08,M,2.34E-10,M,1462,7352,19.88574538,85.9179619
P19,Lactoferrin,Treatment,3.56E-08,M,0,M,537,8360,6.423444976,97.69779128
P20,Lactoferrin,Treatment,3.56E-08,M,0,M,1329,7348,18.08655416,85.87121655
P21,Remdesivir,Treatment,0,M,2.34E-10,M,1498,7800,19.20512821,91.15344163
P22,Remdesivir,Treatment,0,M,2.34E-10,M,537,6859,7.829129611,80.15659694
P23,PC,PC,0,M,0,M,309,6755,4.574389341,78.94121772
P24,PC,PC,0,M,0,M,6,5311,0.112973075,62.06614468
